age	annual_income	employment_length	credit_score	debt_to_income	num_open_accounts	delinquencies_2y	inquiries_6m	loan_amount	interest_rate	purpose	home_ownership	channel	region	loan_term_months	default_12m
38	68223	14	827	0.12	12	3	4	21922	0.08	medical	mortgage	branch	west	48	0
58	87286	14	709	0.43	3	3	4	26386	0.15	vacation	own	online	east	36	1
31	145086	32	743	0.41	17	2	0	7137	0.16	car	own	branch	south	36	0
55	34512	9	629	0.56	5	3	1	38081	0.06	education	rent	online	west	12	1
23	66584	5	662	0.44	7	3	1	32905	0.04	debt_consol	mortgage	agent	east	60	1
28	112304	37	628	0.33	9	3	1	43783	0.05	home_improv	rent	online	north	24	0
27	90310	33	700	0.44	14	1	3	17529	0.12	education	rent	online	east	36	1
60	148636	11	641	0.5	4	0	0	49803	0.12	home_improv	own	branch	west	48	0
62	128099	1	719	0.54	4	1	0	4037	0.03	home_improv	rent	branch	south	36	0
46	145965	40	682	0.44	7	0	1	38270	0.11	education	own	branch	west	48	1
26	51757	15	664	0.38	4	3	1	43327	0.19	debt_consol	mortgage	branch	west	12	0
34	111965	4	800	0.42	3	0	3	12631	0.03	medical	rent	online	north	12	1
29	104862	12	633	0.37	2	2	4	19042	0.06	education	own	branch	north	36	1
35	47857	3	756	0.49	19	2	3	8175	0.1	debt_consol	mortgage	agent	south	12	0
43	139794	24	788	0.15	1	3	3	29158	0.13	medical	rent	agent	west	24	0
57	133220	20	669	0.34	5	1	3	22437	0.12	medical	own	agent	east	12	0
52	87056	38	650	0.48	20	1	1	29295	0.18	car	mortgage	agent	south	36	0
28	34775	20	690	0.14	4	1	0	14573	0.06	vacation	own	branch	east	24	1
53	146654	10	743	0.41	4	1	2	32975	0.2	education	mortgage	online	east	24	0
24	53087	1	808	0.59	1	3	2	43185	0.08	home_improv	mortgage	online	east	12	0
42	54175	28	795	0.44	13	1	3	48735	0.05	car	mortgage	online	north	60	0
37	78726	14	742	0.44	1	2	0	12373	0.19	debt_consol	rent	agent	north	36	1
46	102360	19	834	0.6	20	1	0	11069	0.15	car	mortgage	online	south	48	1
31	36794	0	636	0.28	20	2	0	21060	0.19	car	mortgage	agent	east	60	1
45	54133	36	635	0.48	8	2	4	9166	0.15	home_improv	own	online	east	48	1
60	72535	13	729	0.37	17	1	3	36508	0.15	medical	rent	agent	north	60	0
45	131892	0	717	0.55	12	2	4	2816	0.15	vacation	mortgage	online	south	48	1
57	96903	37	716	0.43	3	1	2	20993	0.05	vacation	mortgage	online	east	12	1
48	46196	0	693	0.13	13	2	2	44083	0.12	medical	own	branch	south	36	1
44	43325	12	845	0.47	14	2	2	18921	0.04	vacation	own	agent	west	24	1
55	111319	24	759	0.6	12	0	4	13688	0.15	home_improv	rent	online	west	12	0
48	123190	37	608	0.3	13	2	2	16999	0.06	medical	rent	branch	north	36	0
32	125849	4	614	0.2	16	3	3	26609	0.06	car	rent	agent	east	36	1
39	73850	20	759	0.19	20	1	1	32060	0.1	medical	mortgage	online	south	48	1
33	32006	15	654	0.49	17	2	4	26197	0.17	vacation	mortgage	online	west	36	0
52	108220	14	661	0.3	2	2	3	33771	0.13	home_improv	mortgage	branch	north	12	1
42	32097	26	656	0.21	20	2	2	42603	0.09	home_improv	own	online	east	12	0
33	127841	8	791	0.28	7	0	1	7515	0.18	vacation	rent	branch	east	48	1
34	110721	38	758	0.57	2	3	4	40591	0.11	car	rent	agent	north	36	1
28	138061	9	663	0.44	15	3	3	31979	0.17	debt_consol	own	branch	west	12	1
48	44597	29	818	0.29	9	0	1	40122	0.15	debt_consol	rent	branch	west	48	1
47	144976	12	766	0.21	4	1	1	39410	0.11	car	own	branch	east	48	0
28	118835	24	643	0.52	17	2	2	49774	0.16	car	rent	agent	west	12	0
58	116506	27	848	0.34	9	3	2	16772	0.13	home_improv	own	online	south	12	1
52	137540	8	740	0.54	6	1	3	34450	0.08	car	rent	branch	north	36	1
40	82299	30	845	0.26	14	1	1	20656	0.19	medical	rent	online	east	12	1
44	147354	27	800	0.44	14	1	0	42469	0.12	debt_consol	rent	agent	south	36	0
45	118985	30	679	0.47	12	0	2	4970	0.19	car	own	agent	north	36	1
49	149086	15	623	0.14	1	2	2	29069	0.14	vacation	rent	online	east	12	1
54	28306	19	669	0.43	16	3	4	4370	0.2	education	rent	agent	west	36	0
32	88293	23	679	0.39	18	2	2	43641	0.05	education	mortgage	branch	south	24	0
38	40446	22	774	0.57	19	1	0	20261	0.1	vacation	mortgage	branch	west	24	1
38	32587	14	690	0.19	18	1	3	37693	0.14	debt_consol	own	agent	east	48	0
58	45440	12	828	0.26	7	0	4	20295	0.17	education	own	branch	west	60	1
35	149136	25	602	0.34	5	0	0	25348	0.18	debt_consol	rent	online	east	36	1
45	62474	24	707	0.31	6	0	2	18752	0.14	education	mortgage	agent	south	12	1
50	30947	8	689	0.46	1	2	0	25886	0.18	vacation	mortgage	agent	west	12	0
26	52422	40	772	0.41	17	2	2	4323	0.15	car	rent	online	east	36	0
30	102930	5	602	0.47	1	0	4	39922	0.09	car	rent	online	north	12	0
62	116612	3	711	0.55	12	1	2	24263	0.12	car	own	agent	west	60	1
23	85856	39	711	0.14	4	1	3	35497	0.08	vacation	own	online	east	48	1
37	88111	12	820	0.38	20	2	0	3071	0.1	vacation	rent	branch	north	12	1
21	95675	36	715	0.28	7	1	1	42173	0.18	vacation	mortgage	branch	east	48	1
64	53468	3	801	0.11	15	0	2	24590	0.12	medical	mortgage	online	east	12	1
60	53386	19	742	0.54	6	1	0	15183	0.06	education	mortgage	agent	west	24	0
52	131466	28	744	0.55	6	0	3	33288	0.16	home_improv	own	branch	west	12	0
53	45445	18	845	0.33	17	3	1	15528	0.08	education	own	agent	south	48	0
60	26239	19	637	0.59	15	3	4	25415	0.14	medical	rent	agent	north	24	0
56	38698	37	845	0.48	10	0	2	45604	0.07	home_improv	own	agent	east	60	1
43	125450	1	795	0.19	13	3	2	42730	0.08	education	own	branch	south	36	1
59	66383	8	665	0.25	13	1	1	17272	0.14	medical	own	online	north	60	0
43	33728	11	806	0.25	5	2	0	3821	0.03	education	own	branch	west	36	1
65	141678	23	703	0.46	6	3	1	49652	0.07	education	mortgage	branch	north	60	0
32	98530	15	791	0.18	13	0	4	33672	0.05	car	mortgage	agent	east	60	1
65	67813	9	651	0.43	3	3	2	34145	0.04	education	own	branch	east	36	0
63	132834	31	780	0.13	7	0	4	28785	0.12	education	rent	agent	north	24	0
35	113453	20	630	0.22	17	1	0	14733	0.12	vacation	rent	agent	south	36	1
65	40237	38	790	0.46	12	2	0	46041	0.12	car	mortgage	branch	south	36	0
65	117612	37	792	0.44	6	3	3	30179	0.2	vacation	mortgage	online	east	24	0
50	34920	33	600	0.18	7	3	2	49471	0.19	home_improv	mortgage	agent	west	12	1
45	106840	6	681	0.49	16	3	3	11123	0.06	vacation	mortgage	online	north	48	0
30	77142	38	725	0.43	3	3	0	14619	0.15	home_improv	rent	branch	north	48	1
31	30166	38	612	0.43	9	3	3	40045	0.12	vacation	rent	online	west	48	1
24	81352	21	629	0.49	13	2	4	29289	0.19	car	mortgage	online	south	24	0
54	126739	11	605	0.54	5	3	0	15007	0.16	vacation	mortgage	online	east	60	0
42	34452	5	791	0.13	15	2	1	23232	0.16	vacation	rent	agent	north	60	1
62	147697	36	825	0.17	1	2	4	2326	0.08	vacation	mortgage	online	west	36	1
58	90982	36	649	0.27	12	2	1	25185	0.14	home_improv	mortgage	online	north	24	0
29	36111	21	688	0.33	15	3	3	6334	0.19	education	own	agent	south	24	1
38	33334	18	805	0.27	17	0	4	8478	0.1	debt_consol	mortgage	branch	south	36	1
57	105097	25	727	0.37	8	1	2	12970	0.2	car	mortgage	branch	south	24	0
25	123365	14	835	0.29	10	2	3	7074	0.11	education	rent	agent	north	36	1
45	62837	33	792	0.56	6	0	2	9519	0.11	vacation	mortgage	online	north	60	1
25	69521	34	657	0.37	15	0	3	31045	0.15	medical	own	agent	south	24	1
38	112057	35	808	0.11	19	0	4	10637	0.04	medical	rent	branch	west	60	1
40	133394	5	706	0.39	6	0	1	10500	0.04	vacation	rent	branch	east	12	1
28	107723	23	623	0.59	12	3	1	22217	0.07	debt_consol	own	online	north	24	0
32	45893	10	842	0.14	16	3	4	42075	0.12	debt_consol	rent	online	west	48	0
34	82625	6	673	0.36	4	3	0	24978	0.06	medical	mortgage	online	south	48	1
34	143157	14	622	0.5	10	1	4	6624	0.2	car	own	branch	south	60	0
21	78190	8	759	0.2	3	0	3	13299	0.19	home_improv	own	online	east	12	1
31	114524	2	805	0.12	13	0	2	28656	0.14	medical	own	online	south	60	1
41	33491	40	633	0.26	8	0	2	39272	0.11	car	own	branch	west	24	1
46	37229	21	724	0.39	20	1	4	13341	0.18	home_improv	own	agent	west	24	1
52	63097	34	624	0.29	7	0	4	26260	0.08	car	mortgage	branch	east	48	0
46	46716	23	690	0.13	19	2	4	8107	0.18	debt_consol	own	agent	west	48	1
44	142705	7	625	0.18	2	0	3	10461	0.08	debt_consol	mortgage	online	south	12	0
56	66126	28	692	0.58	13	3	2	45436	0.16	medical	own	agent	south	36	0
32	110887	5	830	0.16	2	2	0	12473	0.09	debt_consol	rent	online	west	60	1
42	85967	28	842	0.21	19	2	0	23361	0.16	debt_consol	rent	online	south	12	0
58	138369	1	783	0.11	7	2	4	47914	0.06	home_improv	own	online	north	24	1
64	86790	39	849	0.53	4	3	0	13663	0.06	home_improv	own	agent	south	12	0
32	114725	21	827	0.26	2	3	1	40779	0.19	medical	mortgage	branch	east	36	1
62	95347	35	676	0.28	1	3	3	46055	0.09	vacation	own	agent	south	24	0
56	30005	3	841	0.57	1	1	1	40117	0.08	car	own	agent	south	36	1
45	130653	32	700	0.46	4	0	0	18765	0.1	home_improv	own	agent	west	24	0
48	139755	16	747	0.1	1	2	1	10759	0.16	education	mortgage	agent	west	24	1
45	135248	20	844	0.13	10	0	2	38029	0.13	medical	mortgage	branch	south	12	1
44	75398	8	703	0.15	1	2	1	10790	0.16	vacation	own	branch	south	24	0
40	56712	24	648	0.6	11	3	1	44496	0.17	home_improv	own	branch	south	60	0
47	128289	2	799	0.29	19	2	2	31923	0.07	education	own	agent	south	36	0
62	53700	6	651	0.56	14	3	1	25373	0.17	debt_consol	rent	branch	north	60	1
51	85623	24	759	0.35	4	3	1	26264	0.03	vacation	rent	online	north	60	0
63	75008	34	776	0.53	15	3	2	10075	0.07	debt_consol	rent	online	west	36	1
23	89363	11	718	0.11	5	2	4	17261	0.12	vacation	mortgage	agent	south	48	0
23	105813	15	709	0.37	17	1	0	9591	0.15	car	rent	branch	south	36	0
31	69623	38	658	0.28	20	0	4	23501	0.07	car	mortgage	branch	north	12	1
25	31451	25	799	0.17	12	3	1	25522	0.15	medical	own	online	east	36	0
53	89038	0	788	0.54	13	1	2	21693	0.08	vacation	mortgage	online	east	24	0
57	98930	22	804	0.37	18	3	0	11076	0.08	vacation	own	agent	west	60	0
49	132834	36	697	0.56	12	1	0	32611	0.2	education	mortgage	online	east	48	0
21	106619	1	706	0.32	12	2	4	24985	0.09	vacation	own	online	south	36	0
38	66175	35	806	0.24	8	3	0	49338	0.11	medical	rent	agent	south	36	0
51	45996	5	824	0.24	1	2	3	2113	0.15	education	own	branch	west	60	0
33	71612	33	840	0.21	18	0	2	11007	0.09	vacation	own	branch	east	24	0
23	52500	32	789	0.22	17	0	2	48127	0.1	education	mortgage	branch	south	24	0
60	95421	20	717	0.23	5	2	2	21618	0.12	education	own	branch	north	36	0
45	43512	24	698	0.51	9	2	1	34278	0.05	car	mortgage	online	east	48	0
32	93100	35	801	0.45	7	3	0	9743	0.19	education	own	agent	east	48	1
56	80189	31	823	0.48	16	0	2	11506	0.06	vacation	rent	online	west	12	1
37	76329	29	734	0.55	8	1	3	18859	0.14	car	own	agent	north	36	1
64	147815	11	798	0.21	18	2	3	19323	0.03	medical	mortgage	online	west	36	1
26	114644	24	822	0.18	6	0	3	35594	0.08	vacation	rent	branch	east	12	0
37	146829	38	641	0.18	3	0	2	41903	0.16	education	rent	agent	east	12	0
59	90563	18	825	0.55	4	2	4	12456	0.11	car	own	online	east	48	1
52	96259	35	707	0.49	12	2	4	38676	0.08	education	mortgage	online	south	48	1
46	50280	14	837	0.31	15	1	1	8107	0.16	home_improv	mortgage	branch	south	48	0
34	137492	5	628	0.1	1	0	1	47964	0.08	education	rent	agent	east	24	1
22	85517	17	623	0.52	19	3	0	10172	0.13	home_improv	own	branch	north	48	0
59	91698	40	782	0.21	10	2	3	38995	0.06	home_improv	rent	online	north	60	1
48	101561	4	762	0.5	5	1	4	32820	0.2	vacation	own	online	west	36	1
23	77704	5	637	0.51	11	0	4	24486	0.13	home_improv	rent	agent	south	48	0
37	80071	38	807	0.32	19	2	1	15942	0.04	debt_consol	own	online	west	12	1
57	55977	39	654	0.33	12	2	4	20932	0.07	education	rent	agent	south	36	1
44	50025	27	740	0.27	20	1	1	17822	0.05	medical	own	online	south	36	1
23	58307	2	642	0.31	6	2	0	8883	0.07	medical	own	agent	north	48	0
33	114811	20	730	0.2	5	2	1	15663	0.04	debt_consol	own	online	west	12	1
58	46581	9	757	0.52	11	1	1	42085	0.19	car	mortgage	online	south	12	1
34	39658	5	740	0.35	6	1	2	5924	0.1	vacation	rent	agent	east	60	0
61	44738	9	604	0.45	5	1	2	37401	0.14	debt_consol	mortgage	branch	west	12	1
50	26341	22	769	0.16	13	2	2	14458	0.18	home_improv	own	online	south	48	0
32	57417	32	655	0.44	20	0	3	17613	0.1	medical	mortgage	branch	west	24	0
50	107333	21	764	0.32	1	1	1	11097	0.1	car	mortgage	branch	north	24	1
64	135505	31	633	0.11	12	0	0	43371	0.03	vacation	rent	online	north	48	1
29	126464	11	671	0.43	3	1	4	8180	0.12	vacation	mortgage	branch	south	12	0
30	87756	26	629	0.44	12	2	1	22957	0.09	car	mortgage	agent	north	36	1
31	98693	20	786	0.47	6	1	2	8655	0.13	car	mortgage	agent	south	12	0
27	138336	33	757	0.19	2	0	1	7503	0.1	debt_consol	own	online	west	48	0
42	62303	38	783	0.51	10	1	4	10655	0.09	medical	rent	branch	west	24	0
44	27181	17	697	0.47	14	2	3	8186	0.18	vacation	mortgage	online	north	24	0
26	31859	11	760	0.31	13	0	4	18924	0.1	debt_consol	own	agent	north	24	0
59	89827	0	632	0.45	11	3	0	13528	0.04	medical	own	branch	east	60	1
36	132905	14	661	0.19	9	2	0	45400	0.13	vacation	rent	agent	east	60	0
39	105920	10	674	0.19	15	2	0	10277	0.11	education	rent	branch	east	12	1
48	33176	34	817	0.24	20	0	4	18488	0.06	medical	mortgage	agent	south	60	0
39	45714	33	760	0.4	1	3	0	20169	0.19	debt_consol	rent	agent	west	48	0
64	149660	39	821	0.37	16	1	1	37390	0.07	debt_consol	rent	branch	west	12	1
64	33624	11	695	0.34	19	2	0	9216	0.17	medical	own	agent	east	12	0
49	120671	29	767	0.59	11	2	3	11143	0.08	car	mortgage	online	south	36	0
48	133371	8	762	0.15	2	0	0	3122	0.12	car	own	branch	west	36	0
36	63606	11	693	0.38	19	0	1	34630	0.2	debt_consol	rent	online	south	24	1
59	100891	18	688	0.12	14	0	2	23130	0.14	car	mortgage	agent	west	24	1
30	93049	8	672	0.38	12	2	1	31706	0.06	medical	own	branch	north	36	1
39	148135	11	662	0.27	20	3	2	43492	0.06	debt_consol	mortgage	branch	north	24	1
28	116455	36	745	0.42	11	3	1	34524	0.08	education	rent	branch	east	48	1
61	138676	39	766	0.23	10	2	0	33890	0.11	education	mortgage	online	south	24	0
32	127225	37	788	0.35	13	2	1	30664	0.17	medical	own	online	south	12	1
65	81457	19	799	0.56	6	3	3	18813	0.13	vacation	mortgage	branch	south	60	1
28	30322	18	820	0.12	1	3	3	13851	0.17	education	own	online	east	12	1
31	55690	20	771	0.58	12	0	4	47763	0.09	medical	mortgage	online	east	60	0
38	102416	17	741	0.21	8	0	2	15827	0.12	car	mortgage	branch	west	36	0
31	63746	0	673	0.25	9	3	4	11580	0.15	medical	own	online	south	36	1
34	99811	12	710	0.55	2	0	4	46061	0.14	home_improv	mortgage	agent	south	36	0
65	146054	3	640	0.13	5	1	4	34358	0.06	education	own	online	east	48	0
47	33420	14	841	0.55	9	0	3	44922	0.05	home_improv	mortgage	online	south	48	1
60	121034	22	639	0.39	1	3	1	21492	0.13	car	rent	agent	west	24	1
35	64425	28	764	0.36	5	0	2	46826	0.16	car	mortgage	agent	south	60	0
33	66548	24	624	0.49	5	0	2	25557	0.19	debt_consol	rent	online	north	48	1
49	49352	15	846	0.41	8	0	2	16991	0.06	education	rent	agent	south	60	1
23	107714	34	815	0.11	8	0	3	15568	0.05	home_improv	rent	branch	south	48	1
59	57949	7	652	0.27	13	2	0	19317	0.1	education	mortgage	agent	east	36	1
51	113177	8	774	0.15	14	1	3	48236	0.07	home_improv	own	branch	north	60	1
34	92586	36	676	0.34	5	3	1	24165	0.16	home_improv	rent	branch	east	12	1
41	43131	36	681	0.28	18	3	3	37280	0.04	education	mortgage	online	west	60	0
39	101401	15	811	0.46	7	0	0	49678	0.16	debt_consol	rent	branch	west	12	0
57	121024	30	628	0.14	18	1	1	44453	0.05	home_improv	rent	online	east	24	0
38	127503	21	631	0.23	6	3	2	9236	0.11	car	rent	agent	south	48	0
21	125671	26	846	0.43	5	3	0	11842	0.05	home_improv	own	online	east	36	1
38	83668	7	794	0.53	12	0	4	6868	0.17	home_improv	mortgage	online	north	36	1
61	109467	35	834	0.42	8	3	0	15517	0.05	debt_consol	mortgage	online	east	60	1
35	45425	5	834	0.25	15	1	3	15824	0.15	debt_consol	rent	branch	south	48	0
56	126316	29	797	0.42	18	2	1	9277	0.07	vacation	own	online	west	36	0
55	87030	4	737	0.49	4	2	0	11313	0.06	debt_consol	mortgage	agent	north	36	1
57	111893	21	820	0.45	6	2	3	26341	0.05	medical	mortgage	branch	east	12	0
36	28446	23	781	0.3	19	2	1	27695	0.11	car	mortgage	agent	east	24	0
29	54045	14	693	0.3	20	2	2	32906	0.04	car	rent	branch	south	60	1
49	134382	40	800	0.58	14	2	0	3846	0.13	home_improv	rent	online	north	12	1
24	35803	0	647	0.6	13	1	2	33597	0.14	vacation	own	online	south	12	1
36	68040	5	696	0.59	20	0	2	12391	0.2	car	own	online	west	12	1
23	137719	33	631	0.48	4	0	2	24372	0.07	medical	own	online	west	60	0
64	136325	30	735	0.6	10	2	2	32987	0.15	home_improv	rent	agent	north	48	0
41	36234	3	617	0.22	11	3	4	18559	0.18	debt_consol	mortgage	branch	north	48	1
31	143265	14	827	0.55	3	3	3	30509	0.18	car	mortgage	agent	south	24	0
42	88543	0	837	0.55	20	2	3	48599	0.05	education	mortgage	branch	west	24	0
33	84306	32	726	0.18	12	3	0	37586	0.07	medical	mortgage	online	east	36	1
23	31560	39	836	0.26	4	1	4	7301	0.17	medical	mortgage	branch	south	24	0
61	107989	11	747	0.26	12	3	4	36105	0.13	car	own	branch	south	60	0
40	61917	21	809	0.41	7	1	2	21562	0.16	medical	own	branch	west	36	0
47	140875	22	663	0.4	18	1	2	30439	0.15	medical	own	branch	west	48	0
40	63642	8	734	0.34	5	2	3	27677	0.13	home_improv	rent	branch	south	60	0
63	148427	34	820	0.37	15	2	4	20102	0.19	medical	mortgage	agent	south	60	1
38	143010	5	725	0.25	2	1	0	48545	0.18	car	own	agent	north	60	1
44	66339	30	785	0.45	19	3	1	31736	0.1	education	own	branch	north	36	1
25	52731	40	644	0.48	18	3	2	7295	0.04	car	rent	agent	east	60	0
63	76453	25	676	0.23	6	3	3	44725	0.16	car	own	agent	south	60	0
52	28087	29	806	0.41	11	0	2	9179	0.12	debt_consol	rent	agent	east	24	0
28	27570	2	626	0.37	10	1	2	22419	0.19	medical	mortgage	online	south	36	0
50	50136	40	847	0.24	1	0	3	9194	0.11	debt_consol	rent	branch	east	24	0
63	32330	10	656	0.57	17	1	2	45126	0.12	debt_consol	own	branch	east	24	1
49	122656	27	717	0.46	2	1	4	36783	0.06	car	rent	online	north	12	0
45	110732	14	828	0.26	8	2	1	9620	0.08	home_improv	mortgage	agent	north	12	1
36	61120	36	695	0.57	11	1	0	16048	0.08	car	rent	online	north	60	0
53	142160	12	627	0.56	17	1	3	37418	0.06	debt_consol	mortgage	online	north	48	0
65	62862	15	629	0.25	16	2	4	12405	0.05	car	own	online	north	12	0
60	44265	1	681	0.39	3	1	0	40221	0.13	vacation	own	agent	north	24	0
33	128320	10	728	0.25	14	0	0	37839	0.14	car	mortgage	online	west	36	1
57	120294	38	788	0.52	2	0	0	43953	0.11	debt_consol	own	agent	west	48	1
47	43961	24	782	0.33	12	2	2	23934	0.06	debt_consol	mortgage	agent	south	36	0
35	132790	38	716	0.5	14	0	1	37312	0.2	car	own	branch	north	48	0
46	79470	37	754	0.49	15	2	0	22252	0.04	education	rent	online	east	36	1
53	41334	5	847	0.42	3	2	2	10068	0.17	home_improv	own	branch	west	36	1
46	64263	9	715	0.47	2	2	1	13914	0.03	education	own	online	east	24	0
55	67193	5	719	0.48	1	0	4	14341	0.12	education	own	branch	west	48	1
31	125576	12	624	0.39	8	2	2	31455	0.07	car	rent	online	east	24	1
40	91038	13	799	0.42	6	2	3	43884	0.09	debt_consol	own	branch	south	24	0
59	54323	14	716	0.13	5	0	0	23703	0.14	car	mortgage	branch	east	12	1
53	38038	12	670	0.3	8	2	0	9574	0.15	vacation	mortgage	agent	east	36	0
59	52811	21	622	0.35	5	0	0	35114	0.1	debt_consol	own	branch	west	36	0
31	78744	12	641	0.35	20	3	3	8787	0.15	vacation	own	agent	north	48	1
47	93862	21	756	0.28	15	2	2	42842	0.05	education	mortgage	agent	south	24	0
60	97687	38	606	0.39	12	0	4	20465	0.18	car	own	branch	east	24	0
23	90824	7	720	0.28	1	3	0	21152	0.11	home_improv	own	online	south	12	1
47	49906	30	694	0.5	16	0	4	48569	0.13	car	rent	agent	south	24	1
40	59020	2	779	0.56	14	2	2	26367	0.19	debt_consol	mortgage	online	east	48	0
36	55062	31	841	0.43	8	3	2	31222	0.19	vacation	own	branch	east	36	1
29	131373	19	702	0.17	20	0	1	7985	0.08	vacation	mortgage	agent	west	12	1
48	44245	30	623	0.38	15	0	1	34075	0.03	home_improv	rent	agent	east	36	0
27	147183	11	663	0.5	11	2	1	26145	0.15	debt_consol	rent	branch	west	60	0
25	101946	36	677	0.27	5	0	1	11121	0.1	education	mortgage	agent	south	12	1
65	124507	8	830	0.3	4	2	3	40447	0.15	car	mortgage	agent	north	24	1
23	104819	21	841	0.38	15	2	0	23159	0.05	vacation	own	online	north	48	0
63	92609	30	758	0.3	16	2	1	25209	0.08	car	rent	branch	east	36	1
56	133696	36	685	0.54	4	1	1	18686	0.17	car	own	agent	south	24	1
63	52922	3	792	0.4	10	2	1	40859	0.18	debt_consol	rent	online	west	36	0
39	29559	34	650	0.26	13	3	4	45061	0.06	home_improv	own	agent	west	24	1
47	75264	39	683	0.6	3	3	2	8542	0.14	debt_consol	mortgage	branch	north	48	0
58	108710	15	782	0.34	14	2	2	40656	0.03	home_improv	mortgage	online	west	24	1
49	70668	29	663	0.38	2	0	1	18703	0.05	vacation	own	agent	south	60	1
39	32400	37	683	0.26	3	0	0	11397	0.15	home_improv	rent	online	west	24	1
57	137050	18	699	0.59	3	3	0	18511	0.19	debt_consol	mortgage	agent	west	36	0
55	97044	18	682	0.17	12	2	3	35967	0.14	vacation	rent	branch	west	12	1
37	117306	13	810	0.48	6	0	1	46808	0.04	education	rent	online	east	36	0
60	43281	20	718	0.58	10	0	0	20433	0.2	medical	rent	branch	east	12	0
28	132238	18	750	0.31	2	3	2	21668	0.06	medical	own	online	south	36	0
56	139410	5	640	0.38	10	3	0	49662	0.07	vacation	rent	branch	north	24	0
27	32139	16	778	0.25	8	2	2	38120	0.13	home_improv	mortgage	branch	south	24	0
26	70405	26	613	0.56	16	3	0	14092	0.18	debt_consol	own	agent	west	36	1
21	96055	4	842	0.21	20	3	0	15507	0.08	debt_consol	rent	agent	south	36	0
62	35407	33	690	0.14	9	1	3	27079	0.19	home_improv	mortgage	online	north	48	1
61	83075	3	626	0.36	15	0	2	18166	0.07	car	own	online	east	36	1
53	80300	9	607	0.56	1	3	4	44725	0.11	home_improv	own	agent	north	60	0
46	140480	24	635	0.31	10	3	2	44184	0.19	home_improv	mortgage	online	north	12	1
54	109932	14	613	0.17	4	2	1	13435	0.11	vacation	mortgage	agent	west	48	0
49	35016	0	642	0.33	5	2	4	47864	0.04	home_improv	rent	branch	east	12	0
21	90451	37	666	0.24	11	1	2	10870	0.14	vacation	rent	online	east	60	1
56	41337	35	831	0.55	5	2	1	45299	0.06	medical	own	online	south	24	1
31	145236	8	784	0.47	3	2	2	20056	0.13	debt_consol	mortgage	agent	north	12	1
48	109548	36	679	0.3	11	2	3	11294	0.07	education	mortgage	online	north	60	1
54	72175	39	626	0.25	4	3	0	30102	0.16	vacation	mortgage	agent	west	24	1
21	41962	25	804	0.19	6	2	1	38879	0.18	vacation	own	online	south	60	0
37	149710	31	601	0.53	17	3	1	36103	0.11	home_improv	own	branch	east	36	0
40	133864	26	836	0.5	11	0	4	40232	0.07	vacation	rent	branch	east	12	0
58	61241	27	697	0.2	14	0	2	13757	0.15	home_improv	mortgage	branch	west	24	0
47	57443	12	847	0.55	18	0	4	33571	0.19	vacation	mortgage	branch	south	24	0
29	55956	31	707	0.21	20	3	2	30700	0.15	debt_consol	rent	agent	north	48	0
47	115098	22	655	0.37	18	0	3	3175	0.05	medical	mortgage	agent	east	48	1
23	49505	24	703	0.6	12	1	0	28836	0.12	medical	own	branch	west	36	0
50	94502	35	697	0.49	12	1	2	3772	0.17	car	mortgage	branch	south	36	1
64	123095	32	824	0.39	1	2	0	20857	0.05	vacation	own	agent	north	12	1
55	51036	11	760	0.19	1	2	1	35698	0.07	car	own	branch	south	36	1
64	63681	4	792	0.58	5	3	1	32341	0.12	education	rent	online	east	48	1
62	60143	25	654	0.6	14	0	0	16073	0.13	debt_consol	rent	branch	west	12	1
32	93874	2	754	0.12	19	3	0	21576	0.17	home_improv	mortgage	online	west	60	0
46	64107	37	778	0.35	4	1	3	3222	0.03	vacation	mortgage	branch	north	24	1
61	40569	14	662	0.47	15	3	2	30807	0.1	vacation	mortgage	online	north	12	1
41	53989	26	608	0.28	9	1	3	12310	0.16	debt_consol	rent	branch	west	24	1
37	65886	40	638	0.38	3	2	4	5184	0.19	car	rent	online	south	12	1
24	27871	28	762	0.33	14	1	3	40411	0.19	medical	mortgage	agent	west	36	1
57	113722	10	713	0.58	11	1	3	48720	0.14	home_improv	rent	branch	east	60	1
39	71213	19	676	0.43	7	0	4	35880	0.09	medical	mortgage	agent	south	60	0
25	124627	38	821	0.28	17	0	1	5984	0.11	home_improv	mortgage	agent	east	12	1
63	122013	30	627	0.32	3	0	3	32692	0.09	home_improv	own	online	east	60	1
32	54393	14	821	0.59	18	2	3	45840	0.16	debt_consol	rent	agent	north	24	1
31	82827	20	671	0.27	9	2	2	14863	0.05	debt_consol	own	online	north	24	0
60	99324	22	798	0.42	19	1	4	42163	0.11	home_improv	rent	branch	north	24	1
21	39238	4	811	0.27	6	3	0	20039	0.15	debt_consol	mortgage	agent	west	24	0
22	129000	11	776	0.25	12	2	1	40821	0.1	car	own	online	west	60	1
39	107415	4	727	0.57	19	1	4	7572	0.16	education	rent	agent	north	48	1
30	120714	7	633	0.48	9	2	3	9757	0.17	education	mortgage	agent	south	24	1
56	54789	13	766	0.51	13	2	3	22870	0.09	debt_consol	rent	agent	north	36	0
27	128183	1	740	0.53	14	3	1	47828	0.16	medical	rent	branch	north	12	1
57	83665	14	717	0.52	16	3	4	35399	0.06	car	rent	branch	east	24	1
55	93972	19	822	0.1	16	3	3	38053	0.03	vacation	own	branch	west	36	1
53	87900	11	636	0.44	3	3	4	14796	0.09	car	mortgage	agent	south	12	1
41	127945	17	727	0.17	7	0	3	18593	0.19	home_improv	own	online	west	12	0
33	26330	32	644	0.33	4	2	3	24697	0.08	vacation	rent	agent	south	24	1
36	65578	13	632	0.12	10	3	3	40019	0.15	medical	mortgage	agent	west	48	1
21	104513	39	658	0.38	14	0	2	2161	0.16	education	own	branch	east	60	0
35	128519	32	817	0.41	2	0	3	49305	0.17	car	rent	branch	west	36	1
58	50792	11	829	0.49	3	2	2	32880	0.08	vacation	mortgage	branch	east	48	1
57	90210	0	660	0.18	6	0	3	4901	0.15	medical	rent	agent	south	36	1
49	111924	6	748	0.34	13	0	3	22352	0.04	home_improv	own	online	east	48	0
44	39886	13	777	0.51	14	0	3	6641	0.14	vacation	mortgage	online	south	36	1
63	88350	35	680	0.24	10	1	1	39304	0.1	medical	own	branch	south	24	1
35	38618	10	684	0.37	5	1	2	3620	0.18	education	mortgage	agent	south	12	1
62	41601	25	806	0.4	17	1	0	42728	0.05	home_improv	mortgage	online	west	36	0
48	125016	13	692	0.1	16	1	3	20946	0.18	car	own	online	east	60	0
32	53221	32	817	0.17	12	2	2	8508	0.07	medical	own	branch	west	24	1
28	48585	6	633	0.28	12	3	3	11910	0.07	education	rent	agent	north	60	0
53	120088	32	746	0.49	12	0	2	5272	0.04	vacation	rent	branch	west	12	0
44	36425	27	835	0.51	10	1	1	21063	0.19	debt_consol	own	online	south	24	0
63	95226	28	616	0.44	11	2	4	32518	0.19	car	own	branch	south	24	0
44	101140	5	827	0.23	14	3	3	48222	0.11	home_improv	mortgage	agent	east	60	1
24	94759	14	768	0.32	11	2	4	49356	0.19	vacation	own	online	west	48	0
48	91887	37	840	0.23	18	1	2	2701	0.08	debt_consol	mortgage	agent	north	48	0
37	45856	9	686	0.19	4	0	3	31828	0.07	education	own	agent	north	48	0
25	47578	0	845	0.12	4	2	4	10306	0.09	vacation	mortgage	agent	east	48	1
33	52662	35	811	0.34	16	1	2	20978	0.05	medical	own	agent	north	36	0
30	86795	4	662	0.35	15	1	2	25077	0.05	car	rent	online	north	48	0
52	82257	29	649	0.59	13	0	0	31720	0.16	debt_consol	mortgage	branch	east	12	1
58	64554	28	850	0.17	12	3	4	29757	0.06	debt_consol	rent	branch	south	48	1
34	149689	21	615	0.25	14	3	1	40936	0.14	vacation	own	agent	south	12	0
36	149676	9	660	0.53	15	0	4	32142	0.16	debt_consol	rent	agent	east	36	1
26	122626	17	663	0.23	9	1	3	36585	0.19	home_improv	own	agent	east	12	0
42	110095	3	790	0.5	16	0	3	17606	0.19	medical	own	online	east	60	0
43	51900	30	775	0.42	3	0	4	2816	0.09	home_improv	rent	agent	west	36	0
63	128212	31	789	0.53	14	1	0	48190	0.09	home_improv	rent	branch	south	36	0
48	31216	26	754	0.21	18	2	0	46151	0.05	car	own	agent	east	36	0
47	91467	1	750	0.27	14	0	2	17431	0.17	vacation	rent	branch	south	24	1
46	109204	40	707	0.27	5	0	4	44591	0.17	debt_consol	own	agent	east	36	1
45	104405	24	618	0.38	5	1	3	27723	0.03	home_improv	rent	agent	north	36	1
33	102061	20	613	0.39	16	1	0	30571	0.11	car	rent	branch	south	24	1
37	86538	38	783	0.54	7	0	0	22252	0.11	car	own	agent	east	60	0
53	138728	24	817	0.55	14	1	1	31427	0.17	education	rent	branch	south	12	1
22	62699	17	740	0.38	19	2	0	7450	0.15	vacation	rent	agent	west	24	0
44	115161	37	621	0.25	3	0	3	31814	0.14	debt_consol	mortgage	branch	north	36	1
64	137809	2	781	0.59	16	0	0	15193	0.07	home_improv	rent	online	west	12	0
25	140872	4	750	0.25	18	2	2	4604	0.11	debt_consol	own	online	east	24	1
22	123493	13	692	0.48	1	1	2	36459	0.07	car	own	agent	west	48	1
43	73371	0	686	0.49	2	3	1	31803	0.11	vacation	rent	branch	south	48	0
38	67661	34	738	0.49	13	3	4	10495	0.13	home_improv	own	online	west	60	0
21	148866	25	740	0.32	6	1	4	26582	0.13	vacation	rent	branch	west	24	1
40	29892	6	822	0.44	8	2	3	20677	0.14	vacation	rent	branch	west	12	0
41	79582	15	744	0.21	11	2	2	14335	0.19	medical	rent	online	east	60	1
56	89475	25	800	0.14	18	3	2	42368	0.06	vacation	own	online	south	36	0
49	145089	22	702	0.25	4	3	0	46607	0.08	vacation	mortgage	branch	east	12	0
23	84731	35	633	0.19	6	3	0	35232	0.11	education	mortgage	online	north	36	0
60	133657	33	736	0.54	10	2	3	24170	0.15	vacation	own	online	west	12	1
61	42752	23	828	0.48	19	1	0	17804	0.04	home_improv	own	online	north	24	1
36	83757	11	732	0.26	12	2	3	36634	0.16	home_improv	mortgage	branch	west	12	0
42	31274	39	624	0.25	12	2	0	22980	0.11	home_improv	own	online	east	60	0
36	39364	18	642	0.43	13	1	3	6803	0.12	medical	rent	agent	east	48	0
45	68690	8	692	0.41	10	3	3	16100	0.09	medical	own	online	south	12	1
47	37552	25	731	0.21	15	1	2	25102	0.09	car	own	agent	south	48	1
55	55074	8	800	0.12	19	2	2	18727	0.18	debt_consol	mortgage	branch	north	48	0
28	58247	1	708	0.16	18	1	3	17881	0.09	home_improv	rent	online	west	24	0
39	99797	5	738	0.16	11	3	4	47334	0.03	debt_consol	own	online	east	24	0
34	105685	16	737	0.31	14	3	1	8239	0.12	car	mortgage	branch	east	12	0
24	102020	24	759	0.54	6	3	3	18591	0.05	education	rent	online	east	60	1
27	26940	21	755	0.14	4	2	1	47433	0.09	home_improv	own	branch	north	48	1
29	142604	32	747	0.19	10	3	4	37522	0.04	education	mortgage	online	west	24	0
64	138264	34	775	0.55	6	2	0	33612	0.12	car	own	online	west	24	0
32	96279	6	802	0.48	18	3	4	19267	0.11	education	own	agent	west	48	0
60	131580	34	619	0.58	2	1	0	4627	0.12	debt_consol	mortgage	branch	east	24	1
41	109247	33	682	0.24	17	3	0	21421	0.14	debt_consol	mortgage	branch	west	60	0
28	98510	40	824	0.39	5	3	1	49501	0.13	education	own	agent	east	48	1
51	61665	13	749	0.2	3	2	2	10682	0.14	medical	mortgage	branch	west	60	0
58	142450	32	709	0.19	2	1	3	22150	0.14	car	rent	online	south	24	1
55	104751	7	719	0.5	6	3	3	11776	0.06	debt_consol	mortgage	branch	east	12	1
27	52186	10	684	0.51	12	0	1	21433	0.1	vacation	mortgage	branch	west	24	1
37	72062	1	653	0.38	7	3	0	25072	0.04	medical	own	branch	north	48	1
63	114457	12	838	0.56	8	2	0	35740	0.08	car	mortgage	branch	south	60	0
64	131609	34	848	0.56	14	3	0	39359	0.1	debt_consol	own	online	west	24	1
35	67038	28	610	0.22	12	3	3	3801	0.16	medical	mortgage	online	south	12	1
54	47840	4	723	0.11	3	1	3	7187	0.18	home_improv	mortgage	agent	west	36	0
45	82920	7	700	0.4	6	3	2	11659	0.1	home_improv	rent	branch	south	48	1
49	88044	35	701	0.56	14	2	4	34574	0.09	vacation	mortgage	online	east	12	1
37	119218	40	758	0.14	14	1	0	14144	0.15	medical	rent	agent	north	12	1
44	133673	9	686	0.28	14	1	3	11634	0.13	medical	rent	agent	west	24	1
40	140160	22	784	0.18	12	1	4	41515	0.18	car	own	agent	north	60	1
56	47681	36	608	0.4	7	0	2	47871	0.14	vacation	mortgage	branch	south	24	0
41	55263	19	658	0.15	16	2	0	43353	0.05	education	own	branch	east	36	1
52	56030	30	612	0.32	19	1	1	36202	0.2	vacation	own	agent	north	36	1
31	41188	21	844	0.1	17	2	4	14554	0.16	medical	own	online	east	12	1
58	143540	21	818	0.3	1	1	0	7785	0.2	car	rent	branch	south	12	1
43	109590	25	755	0.32	15	0	2	43741	0.13	debt_consol	rent	agent	east	36	1
42	64188	14	761	0.19	2	1	3	31729	0.17	vacation	mortgage	agent	south	36	0
60	105680	4	642	0.34	18	3	1	32205	0.06	debt_consol	rent	agent	north	12	1
39	138329	32	812	0.59	6	2	2	24354	0.09	medical	mortgage	agent	west	60	0
47	60379	27	785	0.16	7	2	2	15115	0.04	debt_consol	mortgage	branch	west	24	0
60	64282	18	688	0.28	11	0	4	31899	0.14	education	mortgage	branch	east	12	1
31	96099	21	667	0.49	17	2	3	30184	0.11	car	rent	branch	north	12	1
46	74274	24	608	0.15	17	0	1	48468	0.08	debt_consol	rent	agent	east	48	0
55	107996	1	706	0.35	15	2	2	17838	0.12	debt_consol	mortgage	agent	west	60	1
33	127095	20	823	0.48	16	3	4	33309	0.15	home_improv	own	online	east	48	0
61	68768	28	683	0.12	16	3	4	46378	0.1	debt_consol	own	agent	east	48	0
43	111693	3	807	0.59	5	2	3	17458	0.09	vacation	rent	agent	north	24	0
43	63270	10	609	0.42	5	0	1	38422	0.14	education	own	branch	east	48	0
42	114015	27	809	0.19	14	2	3	25360	0.18	car	own	online	west	36	0
28	44683	8	614	0.39	3	2	2	36496	0.06	debt_consol	own	agent	east	36	1
33	27585	29	816	0.37	8	0	3	36278	0.1	vacation	own	branch	east	36	0
38	70527	29	808	0.57	3	2	4	18316	0.16	education	rent	online	west	24	1
22	139573	23	762	0.41	19	2	4	47285	0.11	vacation	rent	branch	east	24	0
23	108596	12	843	0.36	2	3	0	36073	0.13	vacation	rent	branch	south	48	0
22	130333	38	833	0.37	12	1	3	49773	0.18	home_improv	rent	branch	west	60	1
51	111763	28	672	0.47	1	3	0	19567	0.17	vacation	own	online	south	24	0
55	110133	21	699	0.54	1	1	3	25284	0.18	home_improv	mortgage	branch	east	12	1
22	59821	7	837	0.28	6	1	3	35955	0.18	education	mortgage	online	north	36	0
45	75846	6	674	0.25	17	3	0	33379	0.19	medical	own	branch	east	60	0
41	141067	25	840	0.15	1	0	1	4465	0.17	vacation	mortgage	branch	east	36	0
34	130256	21	786	0.14	15	1	2	30043	0.08	home_improv	rent	branch	south	12	0
45	101190	33	773	0.5	17	2	2	22780	0.07	debt_consol	rent	agent	east	36	0
34	46441	5	783	0.29	17	2	2	28163	0.16	home_improv	own	branch	south	12	1
64	69769	27	802	0.2	1	2	2	44955	0.05	car	mortgage	online	west	24	0
56	85732	1	695	0.34	10	2	4	30526	0.13	vacation	own	branch	north	36	1
62	74789	40	645	0.21	8	2	2	26726	0.14	home_improv	rent	online	east	48	0
45	92589	24	725	0.21	8	2	1	25561	0.11	medical	mortgage	agent	east	12	1
26	147948	11	734	0.59	3	0	1	24089	0.15	education	mortgage	branch	north	12	1
26	47597	23	806	0.43	4	0	0	29900	0.09	medical	rent	agent	east	48	0
45	111159	30	733	0.26	12	3	4	16464	0.2	medical	rent	agent	south	60	1
32	40866	32	743	0.22	14	2	1	29392	0.09	vacation	rent	branch	east	36	1
35	27553	25	828	0.35	18	2	0	15696	0.12	home_improv	mortgage	branch	south	60	0
64	66128	3	752	0.58	13	0	4	18609	0.1	vacation	own	online	east	48	1
47	135906	30	694	0.49	8	1	3	32671	0.08	medical	mortgage	branch	west	24	0
36	61902	11	714	0.35	16	1	3	3666	0.16	car	rent	online	north	48	0
56	32773	6	723	0.59	8	1	0	28955	0.15	home_improv	own	online	south	12	0
31	59804	16	712	0.33	18	0	4	13078	0.2	car	own	branch	south	12	1
21	75019	25	706	0.56	10	1	3	18269	0.17	vacation	mortgage	agent	south	48	1
42	108721	4	711	0.41	2	0	1	30110	0.15	vacation	rent	agent	north	60	1
63	63866	18	636	0.21	15	0	1	36379	0.19	car	own	online	south	12	0
61	86052	40	609	0.32	14	3	1	30720	0.17	car	own	branch	east	12	1
50	129415	10	636	0.2	2	0	3	23758	0.12	medical	rent	agent	south	36	0
49	96614	9	710	0.39	9	3	0	15742	0.07	education	rent	branch	east	60	0
34	140934	40	668	0.18	2	2	0	15003	0.13	vacation	own	branch	west	36	1
46	65251	14	670	0.25	8	2	0	6189	0.14	medical	rent	online	north	12	1
37	132280	39	667	0.2	10	1	2	45738	0.13	debt_consol	own	branch	west	24	0
34	98092	13	681	0.17	12	0	3	15355	0.11	home_improv	own	agent	south	24	0
52	84471	8	784	0.4	16	3	0	36428	0.15	education	mortgage	branch	south	24	0
28	124252	13	783	0.43	3	1	2	47431	0.2	car	own	agent	north	60	1
27	48408	11	764	0.5	13	0	3	46390	0.07	home_improv	rent	agent	south	24	1
59	115691	14	725	0.28	9	2	4	44004	0.12	medical	mortgage	agent	east	60	0
50	70249	9	723	0.28	1	3	0	13435	0.05	education	mortgage	online	east	12	1
65	64147	24	775	0.57	6	0	2	6045	0.17	education	own	online	south	60	0
41	137478	21	844	0.24	10	0	2	26413	0.16	vacation	rent	agent	west	24	0
45	42897	1	850	0.28	9	3	4	38494	0.16	debt_consol	rent	online	north	24	0
56	122046	7	848	0.21	17	1	3	39951	0.11	education	mortgage	branch	west	24	1
22	85528	28	816	0.13	3	0	4	40774	0.15	medical	mortgage	branch	east	36	0
49	123328	0	770	0.28	7	1	0	6541	0.09	debt_consol	rent	branch	west	60	0
57	105938	17	783	0.37	3	0	4	9239	0.11	vacation	own	online	south	36	0
64	128875	25	607	0.41	5	1	4	48648	0.17	education	own	online	north	48	1
45	121683	10	710	0.33	15	3	1	41338	0.1	car	rent	online	east	60	1
30	74218	33	841	0.46	14	3	2	24863	0.1	education	rent	branch	south	60	1
63	140335	7	740	0.41	12	0	3	24184	0.04	debt_consol	mortgage	agent	south	12	0
44	44980	2	664	0.47	9	0	2	4836	0.12	debt_consol	rent	online	south	12	0
25	82237	28	791	0.21	8	2	2	42118	0.16	debt_consol	rent	branch	east	12	0
54	42929	31	743	0.31	1	1	4	12656	0.13	medical	own	branch	west	48	1
41	96870	10	707	0.49	7	1	2	41961	0.2	medical	own	agent	south	36	0
31	36192	10	708	0.48	18	1	4	9692	0.15	home_improv	mortgage	agent	west	48	1
48	73713	15	809	0.16	11	0	3	9613	0.18	education	rent	branch	north	24	0
30	66125	3	617	0.47	3	0	3	41767	0.08	vacation	own	agent	east	60	1
58	103918	26	704	0.39	2	1	2	7939	0.03	home_improv	rent	online	north	48	0
48	36699	1	813	0.25	14	1	1	35960	0.09	car	rent	agent	south	36	1
58	104182	29	698	0.45	2	0	1	44047	0.13	debt_consol	rent	online	south	24	0
57	103080	2	660	0.53	16	2	0	17347	0.1	car	own	branch	south	24	1
52	75322	38	802	0.51	8	1	1	42540	0.12	home_improv	mortgage	branch	west	48	1
24	94324	32	815	0.15	6	0	3	46138	0.08	debt_consol	rent	agent	east	12	1
29	93206	19	669	0.17	15	0	2	21685	0.07	car	rent	online	south	24	0
47	95804	16	695	0.4	8	1	4	43637	0.1	vacation	own	branch	north	60	0
65	117068	28	682	0.18	16	1	2	7128	0.18	car	own	agent	west	36	1
36	65093	28	823	0.19	16	2	2	46005	0.07	car	rent	branch	east	24	1
27	58268	5	709	0.17	9	2	4	2759	0.06	home_improv	own	agent	north	48	1
29	26907	22	665	0.29	12	2	4	18599	0.19	debt_consol	mortgage	online	south	60	0
23	132918	8	724	0.22	11	3	1	2503	0.16	education	rent	branch	north	36	0
35	38781	34	819	0.38	8	2	4	47534	0.15	education	rent	online	south	48	1
26	122510	15	660	0.18	4	1	2	41158	0.04	home_improv	rent	agent	west	60	1
51	60371	0	685	0.26	17	0	4	13269	0.07	debt_consol	own	branch	west	48	0
60	60430	15	678	0.51	7	3	2	16825	0.16	education	own	online	east	60	0
52	94179	35	739	0.17	4	3	3	23207	0.06	medical	own	branch	east	24	0
54	68129	1	804	0.3	2	2	4	41942	0.17	home_improv	rent	online	east	48	1
28	55591	2	696	0.39	17	1	1	22649	0.16	home_improv	own	agent	west	24	0
49	115731	33	651	0.32	13	1	4	6649	0.14	medical	own	branch	south	60	1
44	54117	7	719	0.48	5	1	2	15082	0.08	medical	own	branch	west	60	1
37	48551	37	771	0.24	5	0	0	46429	0.15	education	own	online	north	24	1
36	117192	13	832	0.27	2	3	1	21726	0.15	debt_consol	own	branch	east	60	1
65	119979	0	701	0.53	4	1	0	45072	0.1	education	rent	agent	south	12	1
46	48433	27	602	0.19	16	3	3	7437	0.06	debt_consol	mortgage	online	west	36	0
37	149281	23	808	0.41	16	0	2	13931	0.1	home_improv	own	agent	east	36	0
54	88911	37	681	0.58	19	1	3	27897	0.13	home_improv	rent	online	north	48	0
57	83438	39	793	0.46	19	3	4	26075	0.12	vacation	mortgage	agent	south	48	0
27	49556	37	738	0.11	12	3	1	26968	0.16	car	own	online	east	24	1
23	115548	13	703	0.43	6	0	2	14170	0.1	car	rent	online	south	36	1
42	47168	39	609	0.43	1	0	4	48249	0.08	vacation	rent	online	east	36	1
60	113112	21	798	0.19	13	3	3	47140	0.05	education	mortgage	online	south	48	1
45	47253	40	682	0.33	3	2	0	21147	0.14	education	mortgage	online	north	36	0
64	91881	7	835	0.22	9	0	2	33877	0.1	debt_consol	rent	online	north	48	1
51	149319	17	750	0.39	13	0	0	33169	0.04	home_improv	rent	branch	east	12	0
30	137007	27	635	0.42	12	1	1	38200	0.05	education	rent	branch	west	48	1
36	64966	7	752	0.48	6	3	2	23644	0.08	home_improv	own	branch	south	60	1
34	32589	8	658	0.45	11	2	4	42392	0.07	debt_consol	rent	branch	north	24	0
21	101804	28	639	0.23	16	2	3	6663	0.18	car	mortgage	online	south	60	1
45	120925	30	698	0.44	13	0	1	40772	0.14	vacation	mortgage	agent	north	24	1
51	61272	11	608	0.53	1	2	0	10918	0.14	medical	rent	branch	west	48	0
56	142025	19	628	0.24	11	3	2	12728	0.13	vacation	rent	branch	north	60	1
50	138512	40	828	0.22	8	2	3	20049	0.13	car	mortgage	agent	east	24	1
63	119288	7	601	0.49	8	3	0	6477	0.09	home_improv	rent	online	west	36	0
59	101082	31	603	0.39	19	3	4	27852	0.09	debt_consol	rent	online	west	36	1
59	34151	2	714	0.49	19	1	0	42430	0.09	car	mortgage	branch	east	24	0
57	145763	23	741	0.28	17	3	3	9079	0.13	education	mortgage	online	west	36	1
54	63519	3	744	0.33	12	0	2	16996	0.03	car	rent	online	west	12	0
34	83481	4	683	0.57	12	3	1	8638	0.06	debt_consol	mortgage	branch	west	48	1
56	110452	38	730	0.31	8	1	0	33027	0.19	education	rent	online	west	48	0
52	75625	31	617	0.15	6	0	1	47997	0.05	medical	rent	online	south	12	1
59	103775	38	849	0.23	18	0	0	27418	0.2	vacation	rent	agent	north	12	0
59	115877	8	731	0.59	14	0	4	34489	0.12	car	own	branch	east	60	0
38	53806	32	609	0.29	2	2	4	48265	0.05	education	own	branch	east	24	0
33	115043	16	626	0.28	1	2	0	34034	0.1	debt_consol	own	branch	south	60	1
25	59325	18	675	0.2	7	1	1	36752	0.12	car	rent	branch	north	60	0
60	41595	33	846	0.37	16	0	0	18209	0.04	vacation	own	agent	south	12	0
30	139588	28	712	0.43	15	2	0	43222	0.07	education	mortgage	branch	east	48	1
61	42733	5	642	0.13	2	3	4	21011	0.04	medical	rent	online	south	60	1
37	90894	15	715	0.49	5	3	4	3468	0.09	medical	own	branch	south	36	1
57	81469	30	672	0.46	20	3	3	2134	0.04	education	rent	agent	south	60	1
43	53945	12	739	0.46	4	0	3	3083	0.18	car	own	online	east	36	0
29	79152	15	787	0.36	20	1	3	34888	0.15	education	own	branch	east	60	0
21	36714	0	811	0.14	15	1	2	12713	0.13	home_improv	own	agent	west	12	0
37	127509	24	809	0.28	13	1	0	25268	0.18	medical	own	branch	west	36	1
30	116479	0	796	0.52	9	3	2	45684	0.18	education	mortgage	online	north	24	1
63	107492	35	775	0.12	17	2	1	30822	0.08	medical	own	agent	north	48	1
38	149014	35	762	0.42	13	2	3	28017	0.09	home_improv	mortgage	agent	west	48	0
27	57228	31	769	0.13	7	1	3	16824	0.13	medical	mortgage	online	south	36	1
63	117886	32	660	0.45	17	0	1	10235	0.07	medical	mortgage	agent	east	24	0
63	115282	1	665	0.45	6	1	4	36351	0.12	vacation	rent	agent	north	48	0
64	148698	30	791	0.35	5	1	2	30306	0.18	vacation	own	online	east	60	0
65	125766	36	822	0.56	4	2	1	31337	0.15	education	own	agent	east	12	0
50	106279	21	654	0.49	14	0	4	20053	0.05	education	mortgage	branch	east	60	0
39	105329	15	603	0.3	14	0	2	42347	0.1	vacation	own	agent	north	60	0
49	148939	17	808	0.24	15	3	2	8600	0.12	medical	own	online	north	24	1
28	137476	24	629	0.36	8	2	0	7205	0.04	education	rent	online	east	12	0
61	45527	18	715	0.18	6	3	4	49207	0.14	medical	rent	agent	south	36	1
25	74628	39	817	0.13	5	3	3	4344	0.09	education	rent	online	east	12	1
26	129950	19	745	0.22	17	1	0	43769	0.19	medical	rent	branch	west	60	0
21	115587	6	836	0.12	10	2	0	8273	0.12	home_improv	rent	branch	south	60	1
55	106442	17	817	0.13	11	2	1	47514	0.05	home_improv	rent	online	east	12	1
30	25429	9	670	0.49	12	2	4	48444	0.05	debt_consol	rent	online	south	36	0
61	29153	40	764	0.35	13	2	2	4903	0.12	home_improv	rent	branch	east	12	0
46	45012	19	768	0.29	9	2	0	36612	0.15	vacation	mortgage	online	west	36	1
40	112227	28	672	0.3	1	3	4	44347	0.12	car	own	agent	south	48	1
47	135721	34	727	0.41	12	1	2	48536	0.08	education	rent	branch	west	48	1
60	140825	30	842	0.17	15	3	3	17928	0.14	vacation	mortgage	online	east	60	1
47	116757	21	682	0.12	17	2	1	48716	0.13	medical	rent	branch	east	24	0
48	94935	1	838	0.41	2	2	4	10175	0.19	debt_consol	rent	branch	east	12	1
27	101765	28	808	0.28	16	1	1	42291	0.07	medical	rent	branch	east	60	1
46	122222	16	699	0.29	2	3	2	3229	0.07	medical	own	online	east	48	1
65	36366	1	824	0.56	2	0	3	16171	0.08	education	rent	branch	south	60	1
38	149596	17	837	0.38	15	3	1	12191	0.11	medical	mortgage	online	north	36	1
65	77511	3	649	0.47	14	3	1	47640	0.14	medical	rent	agent	east	60	1
21	123218	1	603	0.59	8	1	4	12140	0.06	car	own	branch	east	60	1
46	138993	24	712	0.19	2	0	3	28744	0.13	medical	rent	online	west	60	0
28	66347	27	717	0.11	11	0	0	5058	0.14	medical	mortgage	agent	south	24	0
35	69991	33	844	0.57	12	1	2	24989	0.16	education	own	agent	north	48	1
25	92997	36	728	0.13	17	1	4	5502	0.2	car	rent	branch	south	48	1
55	64845	11	805	0.29	19	0	1	6646	0.11	medical	rent	online	west	36	1
41	34170	22	808	0.11	18	3	4	22340	0.17	home_improv	rent	online	north	60	0
23	146913	38	841	0.25	13	0	2	9626	0.09	debt_consol	own	online	east	12	1
53	64931	22	711	0.31	17	3	3	14815	0.19	education	rent	agent	north	12	0
43	134927	38	657	0.37	19	3	4	20488	0.17	medical	rent	branch	west	12	1
22	94743	34	645	0.28	20	0	4	4448	0.16	home_improv	own	branch	east	12	1
28	72606	8	734	0.57	16	3	2	26219	0.11	home_improv	mortgage	online	east	48	0
24	55034	8	736	0.49	10	0	4	46290	0.03	car	rent	online	south	24	0
51	56451	12	735	0.15	12	0	3	30738	0.1	home_improv	rent	agent	south	48	0
42	81577	25	697	0.15	10	3	4	30688	0.16	vacation	own	agent	north	60	1
58	123870	26	783	0.39	8	2	4	16523	0.16	debt_consol	own	online	north	24	1
30	136116	6	703	0.29	3	2	4	9273	0.04	medical	own	agent	west	24	1
45	132763	39	769	0.11	9	0	2	39519	0.04	vacation	mortgage	agent	south	60	0
24	25477	13	666	0.51	20	1	1	43482	0.09	education	rent	branch	east	12	1
60	132525	25	747	0.44	2	0	4	12686	0.07	home_improv	own	branch	north	24	1
24	146667	31	761	0.32	6	2	0	22152	0.07	car	own	branch	west	48	0
37	100571	38	709	0.37	13	0	3	6969	0.06	medical	mortgage	branch	north	24	1
34	75531	26	700	0.22	8	0	2	3539	0.05	vacation	mortgage	agent	south	36	1
42	61720	30	773	0.29	16	2	0	2958	0.19	debt_consol	rent	online	north	48	0
59	104578	10	692	0.45	17	1	0	31163	0.16	car	mortgage	branch	north	48	0
51	87582	39	633	0.4	2	1	3	33869	0.05	debt_consol	rent	online	east	48	1
38	65222	11	778	0.47	18	2	1	21210	0.04	car	mortgage	agent	north	60	1
46	147646	8	764	0.59	17	1	2	46167	0.16	vacation	rent	agent	west	24	1
42	142913	19	720	0.26	19	2	1	11498	0.15	medical	mortgage	agent	east	24	0
48	70245	29	654	0.33	7	3	2	13229	0.15	medical	mortgage	branch	east	24	0
54	112135	20	648	0.34	5	3	3	39349	0.16	car	mortgage	agent	north	12	0
38	36390	31	679	0.5	8	1	2	36664	0.14	car	own	agent	south	60	1
47	140081	9	822	0.44	10	0	0	14749	0.06	medical	mortgage	online	north	24	0
44	100416	39	788	0.42	10	1	2	14368	0.08	vacation	own	online	west	12	1
33	107715	18	670	0.36	2	1	1	23812	0.04	education	mortgage	agent	north	24	0
55	98095	25	834	0.28	10	1	3	11833	0.14	car	mortgage	agent	north	36	1
24	67649	36	747	0.48	15	2	2	47212	0.18	medical	rent	online	east	60	0
51	32102	22	709	0.55	11	3	2	22894	0.09	vacation	own	online	east	12	0
34	44647	0	820	0.32	1	3	4	46511	0.14	medical	mortgage	agent	south	24	1
31	54268	39	823	0.58	10	2	0	35728	0.15	medical	rent	online	north	24	1
37	77478	15	607	0.23	2	3	4	47435	0.1	medical	mortgage	branch	east	48	1
30	117352	21	805	0.34	13	2	3	5379	0.1	car	mortgage	branch	east	24	0
58	43217	33	674	0.59	9	3	1	34028	0.13	home_improv	mortgage	branch	south	48	1
47	73177	40	808	0.45	4	2	4	45488	0.07	vacation	rent	agent	south	24	0
39	55927	35	631	0.41	11	3	4	37917	0.15	debt_consol	own	agent	west	60	1
55	38326	9	622	0.54	7	0	1	9043	0.16	education	mortgage	agent	north	48	1
58	148202	1	692	0.3	7	2	4	22071	0.18	education	own	branch	north	12	1
45	129452	16	640	0.24	9	2	0	12210	0.16	home_improv	own	online	east	24	0
26	33766	27	723	0.44	11	0	3	41330	0.15	vacation	own	online	west	60	1
56	47873	40	668	0.37	2	0	0	3776	0.03	vacation	mortgage	online	west	60	0
26	108115	23	700	0.47	12	2	1	41022	0.15	debt_consol	mortgage	agent	west	48	1
59	129742	23	676	0.46	17	0	4	41947	0.1	debt_consol	mortgage	online	north	36	0
46	116039	9	680	0.11	13	1	4	37845	0.06	medical	mortgage	online	east	12	0
41	61375	25	715	0.1	1	2	4	31296	0.13	education	own	online	north	24	0
40	138360	13	747	0.22	8	3	4	12091	0.16	education	mortgage	branch	east	60	1
51	54997	35	684	0.11	9	2	2	36739	0.18	home_improv	own	agent	south	60	0
55	100940	19	617	0.38	19	3	2	35422	0.04	vacation	own	agent	west	12	0
39	105694	23	686	0.44	16	3	4	29403	0.11	car	mortgage	branch	south	60	1
49	125626	18	780	0.32	18	3	3	20209	0.2	vacation	rent	agent	north	48	1
53	63806	12	623	0.34	5	2	0	35089	0.09	home_improv	mortgage	branch	south	24	1
28	52610	9	708	0.5	5	3	0	45106	0.12	vacation	own	online	south	36	1
55	103117	14	713	0.56	5	2	1	44620	0.05	medical	own	agent	south	24	0
21	126859	20	671	0.53	19	2	2	3471	0.05	education	own	branch	south	36	1
64	31877	27	841	0.3	5	2	2	2501	0.19	home_improv	rent	agent	south	36	0
28	47530	32	795	0.16	8	3	2	25950	0.08	education	rent	online	east	48	0
58	132511	39	760	0.44	3	0	3	30018	0.12	vacation	own	agent	east	60	0
28	113199	5	611	0.23	15	1	1	9489	0.16	education	rent	agent	north	24	1
40	36094	2	680	0.47	10	1	4	48248	0.17	medical	mortgage	online	east	48	0
22	80312	7	741	0.45	10	1	1	11877	0.08	medical	own	agent	north	36	0
23	119446	32	688	0.39	16	1	3	4062	0.15	debt_consol	rent	online	east	60	1
37	112281	14	797	0.48	10	1	3	26341	0.07	debt_consol	own	agent	north	60	0
54	130440	9	681	0.56	19	2	0	29352	0.13	car	rent	online	east	36	1
57	64586	25	693	0.26	20	0	3	39322	0.16	medical	own	agent	south	60	1
32	110394	27	600	0.36	10	1	4	49319	0.18	home_improv	own	agent	east	48	1
34	31366	29	830	0.11	13	0	4	19200	0.16	medical	own	branch	west	48	0
43	87231	26	748	0.53	17	3	4	5724	0.1	car	rent	online	west	48	1
22	70751	2	692	0.54	2	0	0	37808	0.1	education	rent	agent	south	24	0
56	94818	21	826	0.35	8	1	2	10915	0.08	education	own	branch	south	36	0
48	109494	27	613	0.39	13	1	3	3830	0.19	education	rent	branch	east	36	1
53	34194	5	758	0.48	14	3	1	11417	0.07	debt_consol	mortgage	agent	south	48	0
45	40952	11	817	0.11	4	0	0	21973	0.14	vacation	mortgage	branch	south	60	1
48	81932	35	740	0.11	12	1	4	29584	0.09	home_improv	rent	branch	west	12	1
31	26882	8	646	0.25	15	2	1	44098	0.07	vacation	rent	agent	east	48	1
41	122428	21	673	0.59	16	2	3	17357	0.16	vacation	mortgage	online	south	36	1
56	123007	36	642	0.43	19	1	0	25964	0.05	vacation	own	online	west	48	1
50	94528	14	733	0.4	18	3	4	20038	0.19	medical	own	branch	west	24	0
27	26625	37	847	0.49	11	3	2	35758	0.05	car	rent	online	south	12	0
43	78060	34	672	0.28	11	3	2	13380	0.16	debt_consol	rent	online	north	12	0
34	106285	25	747	0.59	5	0	4	20287	0.12	car	own	branch	west	60	1
31	107380	34	618	0.53	9	1	4	34420	0.11	education	own	agent	west	12	1
42	103761	12	684	0.37	5	2	4	16309	0.03	education	mortgage	online	west	24	0
30	91120	26	614	0.39	14	0	1	20181	0.07	debt_consol	rent	agent	west	60	0
63	39403	4	626	0.18	6	0	3	21348	0.18	car	mortgage	online	north	12	1
60	70194	29	738	0.59	15	0	0	20577	0.06	vacation	rent	online	east	36	0
48	42057	13	670	0.25	14	1	1	17468	0.16	medical	mortgage	agent	west	60	0
52	33459	30	773	0.56	4	3	4	49711	0.15	home_improv	mortgage	online	north	60	0
30	117611	40	675	0.27	17	0	1	6539	0.14	vacation	own	branch	south	36	0
60	105342	18	752	0.49	3	1	4	13087	0.13	car	rent	online	south	48	0
28	42964	2	728	0.43	9	3	2	14057	0.08	car	own	online	east	60	1
53	144776	35	695	0.11	9	0	3	13623	0.04	car	own	online	north	12	1
62	75409	3	665	0.52	5	0	1	30713	0.12	home_improv	own	branch	south	24	1
43	28393	18	817	0.5	17	3	0	19461	0.14	education	own	agent	west	24	1
29	88211	14	704	0.29	20	3	3	27706	0.05	car	mortgage	branch	south	24	1
59	105463	36	698	0.45	16	0	3	41668	0.05	home_improv	mortgage	agent	north	12	1
46	117419	13	794	0.27	17	0	2	6298	0.11	medical	own	agent	east	60	1
50	146100	15	800	0.3	7	3	0	49358	0.19	medical	own	online	south	24	1
34	38615	18	816	0.58	19	0	3	23615	0.16	car	mortgage	branch	south	12	1
37	59134	13	625	0.32	4	3	2	33418	0.04	education	own	branch	west	60	0
22	32906	30	832	0.21	5	1	3	19631	0.19	debt_consol	mortgage	agent	south	12	0
52	32528	0	732	0.38	8	0	0	48368	0.04	home_improv	own	branch	south	36	1
27	54588	24	638	0.56	3	0	2	10612	0.05	medical	mortgage	branch	south	60	1
58	62065	24	797	0.35	20	2	0	3794	0.19	home_improv	rent	branch	west	36	1
25	109140	14	747	0.58	14	0	4	8267	0.2	car	own	branch	east	48	0
44	32466	38	683	0.29	14	2	3	2252	0.19	car	rent	online	east	24	0
25	115105	40	830	0.15	10	2	3	30602	0.11	debt_consol	own	branch	south	60	0
29	111991	28	690	0.12	16	0	1	31978	0.09	education	mortgage	online	west	24	1
21	132167	16	736	0.2	8	2	4	49122	0.07	vacation	mortgage	branch	east	48	1
45	80269	40	812	0.23	4	3	0	20644	0.19	car	own	agent	west	48	1
40	68744	31	793	0.34	15	0	4	48667	0.05	medical	rent	branch	south	48	0
30	55820	6	711	0.11	7	1	3	35944	0.19	home_improv	mortgage	agent	east	12	0
26	140997	0	612	0.59	17	2	3	30149	0.15	medical	own	agent	east	12	1
49	35034	22	673	0.27	15	1	3	30326	0.08	car	mortgage	online	east	24	1
48	51835	12	678	0.35	12	0	2	36707	0.14	home_improv	mortgage	branch	south	48	0
65	50875	17	609	0.53	18	3	2	5552	0.06	vacation	own	online	west	48	1
59	26041	15	698	0.32	12	3	3	30791	0.11	car	own	online	north	12	0
53	116531	34	723	0.23	5	3	0	44539	0.12	home_improv	rent	online	west	36	0
51	95502	4	737	0.48	13	0	1	32509	0.07	car	rent	agent	south	36	1
57	86291	0	615	0.4	6	3	1	20919	0.11	home_improv	own	branch	east	36	1
65	122579	5	646	0.29	12	3	3	9219	0.14	debt_consol	rent	online	north	48	1
29	113086	12	691	0.31	20	3	4	44535	0.04	education	mortgage	agent	north	12	0
22	124681	24	849	0.39	11	3	4	30305	0.12	medical	mortgage	online	south	12	1
55	95011	21	828	0.49	9	2	4	25609	0.08	home_improv	rent	branch	east	12	0
48	51983	35	754	0.1	8	2	2	32207	0.18	debt_consol	mortgage	agent	north	48	1
52	64391	28	742	0.42	18	1	1	39409	0.17	education	mortgage	agent	west	36	0
46	124628	36	641	0.56	3	1	0	9168	0.15	medical	mortgage	branch	south	48	0
30	133199	13	726	0.37	7	0	4	29491	0.18	medical	mortgage	agent	south	36	1
22	94317	31	717	0.12	11	2	0	8382	0.04	education	own	branch	north	60	1
65	63026	7	630	0.55	12	0	4	29576	0.15	debt_consol	mortgage	online	east	48	1
27	105629	26	795	0.13	17	0	3	18590	0.17	education	mortgage	agent	south	24	0
32	30582	15	736	0.54	15	2	4	42901	0.1	debt_consol	own	online	east	12	1
44	31976	19	663	0.41	18	1	2	40570	0.07	education	rent	branch	east	24	0
27	47537	38	610	0.55	19	3	1	34696	0.05	medical	own	online	east	36	1
58	43325	20	745	0.2	4	3	1	23317	0.13	debt_consol	mortgage	branch	east	48	0
42	128879	16	714	0.42	14	3	3	17275	0.11	education	rent	agent	west	36	0
65	88624	32	775	0.41	7	3	1	32706	0.14	home_improv	own	online	west	36	0
23	48904	35	744	0.3	3	3	3	3606	0.12	home_improv	own	agent	north	12	1
23	116651	31	811	0.32	16	0	1	31879	0.07	debt_consol	mortgage	branch	south	36	0
55	111155	10	760	0.46	13	1	2	32670	0.13	home_improv	own	agent	east	60	0
30	36778	13	649	0.33	16	3	4	26685	0.09	education	rent	agent	south	60	1
32	52713	1	636	0.33	7	2	3	35661	0.08	car	rent	branch	west	36	0
45	27931	36	728	0.4	17	2	1	46460	0.2	vacation	mortgage	agent	east	12	0
47	112758	17	614	0.32	17	2	3	38453	0.05	home_improv	own	agent	north	12	0
27	109136	24	735	0.44	13	0	2	38660	0.14	car	mortgage	branch	south	48	1
62	70179	30	726	0.42	8	0	1	26636	0.05	debt_consol	rent	branch	north	12	0
41	79404	16	630	0.49	17	3	1	14499	0.18	car	mortgage	online	east	36	1
29	103374	22	678	0.5	15	2	1	36517	0.04	debt_consol	rent	online	north	36	0
29	130656	11	789	0.54	15	3	0	17665	0.12	car	mortgage	branch	north	12	1
28	59291	5	657	0.47	14	1	0	21428	0.04	medical	rent	branch	north	36	0
53	148694	3	775	0.37	4	1	1	28579	0.1	home_improv	rent	online	east	60	1
30	61915	13	704	0.26	13	1	0	9714	0.12	home_improv	mortgage	agent	south	60	1
34	67241	9	802	0.57	7	1	0	39535	0.15	medical	mortgage	online	west	60	1
57	111357	38	616	0.12	13	0	3	13604	0.2	vacation	mortgage	online	north	36	1
27	121608	26	651	0.2	13	0	3	11542	0.14	debt_consol	rent	agent	north	12	0
38	33745	13	608	0.47	13	1	0	14341	0.17	debt_consol	rent	branch	south	60	1
23	142977	15	619	0.19	17	2	3	29743	0.1	education	mortgage	online	east	24	0
65	53944	24	728	0.33	5	1	3	14947	0.12	medical	rent	agent	north	60	1
58	112498	40	701	0.48	11	1	0	8588	0.16	vacation	mortgage	agent	south	48	1
21	75718	31	657	0.54	10	2	4	31377	0.18	medical	mortgage	branch	west	60	0
56	131820	36	760	0.54	20	0	3	48877	0.06	car	rent	branch	west	36	1
21	135301	8	819	0.38	13	2	2	20693	0.2	debt_consol	own	agent	north	48	1
34	99406	11	777	0.3	16	3	1	24458	0.06	medical	rent	online	south	36	0
35	68921	39	791	0.26	4	1	1	39419	0.16	car	mortgage	agent	west	24	1
59	36271	40	811	0.13	1	1	4	22164	0.17	car	own	online	east	36	1
28	131893	10	759	0.37	12	1	0	3737	0.18	debt_consol	own	branch	north	60	1
36	70183	34	809	0.3	4	3	1	30782	0.05	vacation	mortgage	online	north	60	1
51	30519	28	661	0.1	18	1	2	37607	0.18	car	own	online	south	48	1
25	99705	0	743	0.55	17	1	2	3973	0.1	education	own	branch	north	12	0
38	28453	7	849	0.19	6	3	3	41293	0.07	medical	own	online	north	60	0
46	79485	1	817	0.58	3	3	4	16945	0.04	education	rent	online	south	36	0
54	107891	34	824	0.34	12	2	3	44547	0.12	home_improv	rent	agent	south	48	1
54	100890	40	612	0.15	8	2	4	25275	0.1	vacation	mortgage	agent	east	12	1
42	38927	3	635	0.49	14	1	4	49947	0.03	car	rent	online	south	24	0
61	144389	15	683	0.52	18	3	3	4580	0.16	medical	own	branch	south	48	1
63	81002	7	670	0.53	17	2	2	25509	0.2	vacation	own	online	west	36	1
59	123351	32	690	0.51	15	3	0	28443	0.14	vacation	rent	agent	east	36	1
65	25912	38	699	0.53	5	2	4	39825	0.13	home_improv	rent	branch	south	24	0
49	65775	4	787	0.25	18	1	4	10533	0.06	debt_consol	own	branch	north	12	1
48	102994	18	619	0.42	13	3	2	24607	0.14	vacation	own	branch	north	48	0
38	135498	3	659	0.37	8	1	2	49768	0.15	medical	rent	online	west	48	1
62	147952	33	669	0.53	6	3	3	14130	0.14	medical	mortgage	agent	north	24	0
58	32636	32	654	0.32	14	0	0	18264	0.19	home_improv	mortgage	agent	north	36	1
34	89744	9	775	0.15	1	2	2	36493	0.11	vacation	own	branch	east	24	0
65	54645	10	825	0.19	8	0	4	17843	0.13	vacation	own	agent	north	60	0
44	33984	5	830	0.11	12	2	3	29163	0.08	medical	own	online	west	60	1
45	147963	1	686	0.15	14	3	3	11250	0.19	home_improv	own	online	west	24	0
45	63237	39	660	0.24	5	3	1	14481	0.08	car	rent	agent	south	60	1
64	121505	5	786	0.17	10	1	4	25795	0.12	vacation	rent	branch	east	48	1
65	45808	14	796	0.38	6	1	3	11504	0.18	vacation	rent	online	west	48	1
32	123477	14	713	0.36	12	0	3	2686	0.1	debt_consol	mortgage	online	west	48	1
38	81854	0	649	0.16	11	3	2	16659	0.07	car	mortgage	agent	east	24	0
21	34019	9	606	0.38	12	1	4	4656	0.07	home_improv	own	online	north	36	0
44	88284	19	753	0.12	10	1	4	39407	0.12	car	own	branch	west	24	0
54	63378	3	701	0.31	5	1	0	9011	0.14	debt_consol	rent	agent	west	60	1
27	123629	11	779	0.58	5	0	0	5670	0.19	home_improv	rent	online	east	24	1
44	93025	39	602	0.14	14	1	1	44376	0.08	vacation	own	agent	east	24	0
27	26542	35	758	0.44	5	0	4	10803	0.05	vacation	mortgage	branch	east	60	1
27	112710	34	802	0.2	8	2	3	42901	0.2	education	mortgage	agent	north	12	0
29	97742	3	730	0.57	15	0	0	26165	0.08	vacation	rent	agent	east	12	0
48	43091	38	697	0.2	6	0	4	9985	0.09	debt_consol	own	agent	west	60	0
57	148306	1	836	0.37	16	1	1	15538	0.05	vacation	own	branch	north	12	0
56	129713	35	639	0.21	1	1	2	29179	0.07	medical	rent	branch	north	48	0
29	117247	18	761	0.24	8	1	3	49277	0.08	vacation	rent	online	north	48	1
61	139053	10	744	0.18	16	1	1	37396	0.13	car	own	online	west	24	1
34	130571	28	678	0.25	5	0	0	24015	0.08	car	rent	branch	south	60	1
61	125582	3	712	0.23	3	3	1	5638	0.05	home_improv	own	branch	north	24	0
43	30127	24	760	0.35	1	3	1	35941	0.14	education	rent	online	east	24	0
26	28191	17	758	0.55	14	1	0	10129	0.11	car	mortgage	branch	south	48	1
60	82267	5	621	0.38	13	2	1	9609	0.05	education	own	agent	south	48	1
63	61222	24	799	0.18	12	0	1	41954	0.06	medical	mortgage	online	east	12	0
40	38683	9	756	0.5	15	2	3	29367	0.14	car	own	branch	west	24	0
27	80487	11	614	0.52	7	3	0	29298	0.18	car	own	branch	west	12	1
28	81960	13	837	0.14	19	2	1	9331	0.13	vacation	mortgage	agent	west	36	1
48	105231	33	621	0.11	15	3	2	13660	0.13	vacation	mortgage	agent	north	48	0
42	131081	6	756	0.18	9	3	4	45544	0.04	debt_consol	own	branch	west	60	1
36	82763	13	676	0.43	11	0	0	22667	0.13	education	rent	branch	south	24	0
62	104682	30	686	0.3	8	1	4	15361	0.17	medical	own	online	north	60	1
60	90137	9	628	0.53	18	0	3	24906	0.19	debt_consol	rent	branch	south	24	0
34	137223	26	801	0.31	3	0	4	36848	0.03	car	own	online	south	24	1
57	87081	6	762	0.26	2	1	0	33310	0.13	vacation	own	online	west	60	0
56	120010	29	727	0.21	4	1	2	49393	0.15	medical	own	branch	north	60	1
58	62317	22	760	0.18	6	0	1	47104	0.14	education	rent	online	south	24	0
43	90132	36	600	0.6	18	3	1	5706	0.09	education	mortgage	online	west	12	0
24	62490	5	729	0.28	5	1	2	41363	0.11	debt_consol	rent	branch	east	24	1
56	33516	30	621	0.51	6	0	2	38607	0.13	debt_consol	rent	online	west	24	1
62	118720	27	756	0.45	15	3	3	11286	0.2	debt_consol	own	online	south	24	1
59	136348	28	680	0.16	11	0	1	29173	0.06	home_improv	mortgage	agent	south	48	1
43	100513	17	696	0.2	19	0	0	28802	0.07	vacation	own	branch	east	12	1
23	36808	40	756	0.57	1	2	0	43577	0.04	home_improv	rent	online	west	60	1
56	82985	21	654	0.35	10	2	3	41975	0.04	home_improv	rent	agent	north	36	1
52	102257	30	629	0.28	17	0	0	25673	0.04	home_improv	rent	online	east	36	1
39	63904	38	659	0.19	12	0	3	34115	0.15	medical	mortgage	online	south	36	0
51	145744	29	792	0.13	8	2	3	39090	0.14	car	own	online	south	12	1
64	114054	32	726	0.29	15	0	3	12799	0.08	education	mortgage	online	west	24	0
56	44829	15	681	0.56	5	2	2	19076	0.08	education	rent	branch	north	36	1
45	101088	35	618	0.4	6	0	1	14634	0.03	education	rent	agent	west	24	1
39	103347	37	675	0.51	12	1	3	10648	0.15	medical	mortgage	online	south	12	1
33	107077	21	617	0.14	18	0	2	33042	0.19	car	mortgage	agent	east	24	1
27	69823	5	819	0.48	1	3	4	36262	0.16	debt_consol	mortgage	online	east	60	1
45	137542	40	780	0.31	10	1	0	24233	0.08	car	rent	online	east	48	0
21	149738	15	711	0.45	19	2	1	16660	0.15	debt_consol	mortgage	branch	south	60	1
33	107582	15	705	0.29	9	3	4	21935	0.08	home_improv	own	agent	south	48	1
35	89117	35	678	0.57	14	0	1	34867	0.16	debt_consol	rent	branch	north	24	1
56	140694	13	787	0.59	4	2	3	18990	0.04	medical	rent	agent	north	12	0
55	51673	11	689	0.26	5	3	1	22346	0.06	home_improv	rent	agent	north	24	1
64	138929	34	615	0.34	14	1	0	42162	0.14	education	mortgage	agent	north	24	0
34	76023	25	841	0.43	3	2	1	46251	0.04	vacation	mortgage	agent	west	24	0
23	89424	5	655	0.44	8	2	3	41877	0.03	car	own	agent	south	60	0
28	148516	5	802	0.29	10	1	2	20708	0.11	home_improv	rent	agent	east	36	1
49	110777	11	795	0.14	2	0	0	16528	0.17	education	own	online	north	24	0
31	91829	15	781	0.21	18	0	2	12756	0.1	education	rent	branch	north	48	1
26	93231	37	681	0.47	4	2	1	13440	0.04	home_improv	own	online	south	48	1
52	97408	28	799	0.19	7	2	4	29071	0.17	medical	own	branch	south	48	1
28	143951	29	804	0.29	7	1	4	27751	0.03	home_improv	rent	online	north	60	0
54	46775	18	772	0.41	3	3	0	42995	0.06	medical	own	online	east	12	0
24	100216	10	845	0.14	3	3	1	47221	0.06	home_improv	own	online	east	24	0
51	115352	14	635	0.16	14	1	2	44508	0.16	car	own	online	south	24	1
29	92003	4	775	0.13	7	3	3	14214	0.06	debt_consol	rent	online	north	60	0
62	118638	27	782	0.45	14	3	2	48786	0.09	home_improv	own	online	south	60	1
32	132571	11	648	0.19	19	1	0	35813	0.05	car	own	online	south	36	1
44	54030	2	603	0.36	7	3	4	40734	0.07	car	own	agent	north	48	1
34	35058	4	648	0.57	14	2	2	18399	0.03	home_improv	own	branch	east	48	1
22	61644	39	836	0.54	8	2	4	22205	0.12	education	own	agent	south	12	0
22	109694	27	623	0.25	7	3	2	47585	0.13	education	mortgage	agent	north	12	1
29	38190	12	752	0.41	17	0	3	29020	0.07	vacation	own	agent	north	12	0
55	94876	24	749	0.59	12	3	0	43505	0.04	debt_consol	mortgage	online	south	60	1
52	70977	35	750	0.33	16	0	0	40996	0.08	education	own	agent	south	12	0
24	48255	3	638	0.34	14	2	0	29963	0.11	education	own	online	south	48	0
44	79023	14	835	0.46	19	0	3	37915	0.14	home_improv	own	agent	north	24	0
46	90281	26	844	0.28	6	0	2	31748	0.2	debt_consol	mortgage	online	west	12	1
38	109103	13	632	0.2	16	1	4	3526	0.14	car	own	agent	east	12	1
38	80086	2	776	0.51	20	2	4	33508	0.13	vacation	rent	agent	west	48	0
29	94704	9	658	0.16	18	3	0	45225	0.05	debt_consol	own	branch	south	12	0
53	138521	36	722	0.46	6	1	1	40556	0.08	medical	rent	agent	west	12	0
33	104045	3	756	0.37	9	0	1	23057	0.11	medical	own	online	west	24	1
57	61839	9	615	0.43	14	3	0	5117	0.11	education	own	branch	south	60	1
32	97640	30	616	0.11	12	2	1	4700	0.18	vacation	own	agent	south	12	0
36	95384	5	738	0.48	11	2	2	19250	0.15	vacation	mortgage	agent	west	48	1
48	133300	10	782	0.42	5	0	4	15403	0.15	home_improv	mortgage	online	east	24	1
56	59016	6	694	0.12	16	2	1	5525	0.1	home_improv	own	agent	south	24	1
61	130676	1	616	0.34	13	1	2	3699	0.06	medical	rent	agent	north	12	0
37	64078	4	670	0.52	6	2	0	12424	0.17	medical	rent	agent	east	12	1
31	127638	19	848	0.26	17	3	4	48968	0.07	vacation	own	branch	east	36	1
39	78396	21	650	0.16	7	2	1	31660	0.03	vacation	mortgage	agent	west	24	1
22	61060	6	702	0.4	14	0	4	45730	0.13	vacation	rent	branch	north	48	1
53	98237	37	754	0.56	14	3	3	33764	0.2	debt_consol	own	branch	west	48	0
65	112256	21	787	0.55	16	3	4	44243	0.12	debt_consol	rent	online	west	12	1
26	105029	36	678	0.34	3	2	3	10777	0.08	home_improv	mortgage	online	south	24	1
26	61223	30	693	0.47	1	0	0	19829	0.19	debt_consol	rent	branch	east	12	1
44	93326	1	687	0.47	10	2	4	32508	0.15	home_improv	rent	branch	north	12	0
49	105233	34	688	0.51	11	2	0	16705	0.13	car	rent	online	east	48	1
53	103197	32	664	0.53	20	0	2	10020	0.14	medical	mortgage	agent	south	36	0
42	39131	16	776	0.53	13	0	1	49707	0.08	education	own	branch	west	12	1
26	59886	16	773	0.28	4	1	0	27138	0.06	education	rent	agent	east	36	0
24	145636	24	661	0.5	5	3	0	42654	0.05	car	rent	branch	south	36	0
24	65467	29	742	0.12	8	2	2	9104	0.06	debt_consol	rent	online	south	36	0
47	57576	20	740	0.15	4	0	2	28270	0.14	education	rent	agent	south	24	1
38	41772	30	620	0.3	13	2	2	46468	0.16	home_improv	rent	branch	west	24	1
47	143960	9	678	0.59	18	0	3	32448	0.2	car	own	online	east	12	1
36	133784	16	717	0.39	10	1	3	17206	0.15	vacation	mortgage	agent	east	48	1
23	83508	26	848	0.1	6	1	0	16960	0.07	debt_consol	own	branch	north	60	0
45	25340	5	637	0.55	15	0	4	11838	0.05	education	mortgage	agent	east	60	1
33	43549	28	644	0.45	6	1	2	28484	0.18	home_improv	own	agent	north	24	0
56	137975	1	803	0.19	20	0	2	24156	0.16	education	own	branch	east	24	0
33	111803	30	730	0.48	2	0	0	13376	0.2	vacation	own	agent	north	24	1
25	118325	28	645	0.43	15	1	1	29514	0.11	car	own	branch	west	60	1
53	140459	32	818	0.56	17	0	3	34219	0.12	debt_consol	rent	online	north	36	1
45	118215	39	750	0.22	8	1	3	39019	0.08	vacation	mortgage	agent	south	24	0
64	114992	33	606	0.59	17	1	4	5059	0.15	debt_consol	rent	online	east	36	0
51	84972	8	631	0.45	1	0	1	21102	0.11	home_improv	mortgage	agent	north	36	1
45	110570	26	729	0.23	10	2	4	10205	0.06	debt_consol	mortgage	agent	west	12	1
48	38902	25	622	0.36	8	3	4	41635	0.1	car	mortgage	agent	west	36	0
32	72865	20	679	0.4	13	3	4	49286	0.06	home_improv	mortgage	online	west	60	1
59	53215	13	839	0.18	19	3	1	6632	0.19	education	own	agent	south	12	0
61	105586	25	767	0.47	9	0	4	16103	0.11	car	mortgage	branch	east	12	0
23	39361	22	741	0.17	11	2	3	12506	0.11	vacation	own	branch	west	12	0
28	94187	3	769	0.36	18	2	1	45311	0.11	debt_consol	mortgage	agent	north	60	0
63	31775	4	847	0.48	12	1	0	20257	0.07	home_improv	mortgage	branch	east	60	1
65	133440	24	636	0.1	14	1	2	11393	0.07	debt_consol	own	branch	south	24	1
63	136090	31	809	0.3	8	3	3	23647	0.04	car	own	branch	south	24	0
36	102550	14	846	0.23	12	0	3	40405	0.09	medical	mortgage	online	north	12	0
38	56936	29	705	0.21	1	0	2	22442	0.2	debt_consol	mortgage	online	east	12	1
22	83724	16	698	0.53	12	3	0	26335	0.11	medical	rent	agent	east	60	0
39	61967	15	675	0.34	16	0	1	21109	0.1	home_improv	own	agent	east	24	0
22	115718	39	675	0.55	9	3	2	26932	0.17	debt_consol	rent	online	north	36	0
56	145973	29	816	0.55	4	1	4	35263	0.11	education	mortgage	branch	south	60	0
59	34862	38	660	0.42	8	2	1	32911	0.19	car	own	agent	east	36	1
43	127658	32	751	0.4	8	3	4	13278	0.04	education	rent	agent	north	48	1
50	131700	29	808	0.3	2	3	2	34090	0.12	vacation	mortgage	branch	north	48	0
26	148485	14	835	0.5	20	1	1	28435	0.05	car	rent	online	south	60	1
31	130593	17	762	0.42	10	1	1	35807	0.07	medical	own	branch	south	48	1
52	113632	6	674	0.2	19	3	3	26795	0.09	education	own	online	west	48	0
28	76348	9	646	0.5	4	3	0	41125	0.05	education	rent	online	north	48	1
35	147243	0	758	0.56	12	0	1	21319	0.14	debt_consol	rent	branch	south	60	1
50	83546	25	840	0.42	11	0	0	7994	0.1	vacation	rent	agent	north	12	0
44	61215	20	829	0.35	10	0	2	33760	0.05	medical	rent	agent	east	60	0
27	112434	21	772	0.2	4	1	1	42318	0.11	medical	mortgage	branch	east	60	1
56	143464	0	741	0.38	20	2	2	32290	0.06	debt_consol	rent	agent	south	12	1
36	54855	39	655	0.18	19	1	4	36057	0.11	car	rent	online	east	48	1
61	98884	35	797	0.25	4	3	2	25616	0.07	debt_consol	own	online	west	60	0
33	100488	40	764	0.15	10	1	2	13480	0.17	education	rent	branch	east	60	1
31	62495	21	849	0.5	8	0	0	48034	0.16	debt_consol	own	agent	east	36	1
26	77149	18	610	0.45	7	1	3	39038	0.06	debt_consol	own	agent	west	60	0
31	80248	24	650	0.23	5	3	0	49462	0.2	car	rent	agent	north	48	1
41	30187	6	772	0.5	16	0	3	23116	0.12	car	rent	online	east	60	1
39	61110	10	714	0.12	3	3	1	43468	0.16	vacation	own	agent	west	48	0
25	71878	36	796	0.24	16	3	1	49580	0.14	car	own	online	south	12	0
35	96093	26	826	0.46	16	3	2	11969	0.14	vacation	own	agent	south	36	0
60	42562	11	805	0.54	10	3	2	22208	0.12	medical	own	online	west	48	0
48	69432	24	623	0.41	12	0	2	17400	0.08	debt_consol	mortgage	branch	east	48	1
62	110508	11	693	0.48	19	3	3	32629	0.09	home_improv	own	agent	east	24	0
64	102804	11	721	0.31	2	0	3	45851	0.17	debt_consol	own	branch	west	36	0
65	105661	5	687	0.42	8	3	3	24359	0.13	home_improv	mortgage	online	west	60	1
53	92821	12	676	0.23	5	0	4	49919	0.14	education	rent	online	east	36	1
54	47549	2	646	0.55	11	2	4	25306	0.04	debt_consol	own	agent	west	24	0
62	83690	2	604	0.38	7	1	4	10054	0.14	debt_consol	own	agent	north	24	1
51	115211	28	609	0.55	20	2	1	33041	0.13	vacation	rent	branch	east	12	0
36	49264	33	833	0.19	19	3	4	15885	0.04	car	own	online	west	48	0
33	57716	3	803	0.36	5	1	4	27473	0.13	vacation	own	branch	west	36	1
54	102725	18	619	0.37	2	1	0	29970	0.18	debt_consol	rent	online	east	24	0
34	66211	12	735	0.35	15	1	3	9440	0.15	vacation	own	agent	east	60	0
59	56660	39	753	0.34	5	3	4	24488	0.09	debt_consol	rent	branch	south	60	1
31	138176	14	720	0.19	8	3	2	14806	0.13	vacation	mortgage	agent	south	12	1
57	28395	25	781	0.5	13	3	3	23408	0.04	vacation	own	online	west	36	0
26	139839	12	731	0.3	15	1	2	16895	0.16	home_improv	mortgage	agent	west	60	1
38	133979	38	794	0.55	13	0	3	44038	0.03	car	own	branch	south	36	1
59	47266	26	673	0.58	5	1	4	11133	0.16	home_improv	own	branch	south	60	1
50	79518	0	758	0.28	20	3	0	47287	0.04	education	rent	branch	north	60	1
64	81085	40	619	0.41	7	2	4	10869	0.09	debt_consol	mortgage	online	south	60	1
46	142740	29	813	0.44	1	0	4	23621	0.16	car	rent	branch	east	12	1
34	28546	27	719	0.59	2	3	3	8892	0.13	debt_consol	mortgage	branch	north	36	1
53	149671	1	821	0.31	18	3	4	25027	0.18	vacation	mortgage	branch	north	12	1
57	47156	12	619	0.41	10	0	3	16879	0.11	vacation	mortgage	branch	south	60	0
50	126686	9	796	0.59	18	0	4	40554	0.15	medical	mortgage	agent	east	60	1
51	54238	25	699	0.46	14	2	0	22296	0.11	home_improv	rent	agent	east	60	1
27	125784	7	778	0.54	6	0	0	25079	0.08	education	rent	branch	west	12	0
37	63480	35	815	0.39	13	3	3	48600	0.17	home_improv	own	agent	east	60	0
38	73901	31	649	0.22	3	2	2	39971	0.16	car	mortgage	branch	east	48	1
33	104061	26	731	0.14	2	1	1	12215	0.16	debt_consol	own	branch	north	12	0
28	141756	10	685	0.14	16	2	1	14546	0.16	debt_consol	own	online	south	48	1
33	121416	23	603	0.35	20	2	0	6390	0.1	education	rent	online	north	24	0
45	102467	5	778	0.59	15	2	4	4050	0.12	vacation	own	agent	south	48	0
26	64905	2	627	0.39	19	0	3	28791	0.08	vacation	mortgage	online	south	12	0
40	43568	6	713	0.35	7	0	0	9363	0.18	education	rent	agent	north	24	0
40	102086	0	738	0.34	6	0	0	9322	0.15	education	rent	agent	west	36	1
45	120804	39	689	0.58	3	0	1	8212	0.19	debt_consol	own	branch	east	12	0
57	139261	26	805	0.3	19	1	4	33257	0.04	car	own	branch	east	60	0
65	145502	17	636	0.42	13	2	1	43985	0.15	debt_consol	own	online	north	60	0
33	80202	35	640	0.31	19	0	3	28651	0.13	debt_consol	rent	agent	west	36	0
22	97316	23	836	0.19	16	2	3	21823	0.08	education	own	branch	north	36	1
30	122213	11	621	0.25	19	3	2	20691	0.1	car	rent	branch	north	48	0
62	124391	26	754	0.51	20	0	2	43600	0.16	medical	rent	branch	north	60	0
29	27131	26	839	0.37	8	2	2	46955	0.03	car	rent	branch	east	12	0
30	74747	7	802	0.32	8	1	3	25104	0.04	debt_consol	mortgage	agent	north	60	0
56	113081	11	664	0.4	6	0	0	15814	0.08	home_improv	mortgage	agent	east	24	1